<?xml version="1.0" encoding="UTF-8" standalone="yes"?>
<manifest>
  <control namespace="BarcodeNameSpace" constructor="BarcodeGeneraotrControl" version="0.0.1" display-name-key="BarcodeGeneraotrControl" description-key="Use this control to generate barcode based on selected field value, type and size of barcode" control-type="standard" api-version="1.3.16">
    <external-service-usage enabled="false"/>
    <property name="barcodeTextInputProperty" display-name-key="Property_Display_Key" description-key="Property_Desc_Key" of-type="SingleLine.Text" usage="bound" required="true"/>
    <property name="barWidthNumberInputProperty" display-name-key="Bar Width" description-key="The width of the bars in the barcode" of-type="Whole.None" usage="bound" required="true"/>
    <property name="barHeightNumberInputProperty" display-name-key="Bar Height" description-key="The height of the bars in the barcode" of-type="Whole.None" usage="bound" required="true"/>
    <property name="fontSizeInputProperty" display-name-key="Font Size" description-key="The font size of the text displayed below the barcode" of-type="Whole.None" usage="bound" required="true"/>
    <property name="showTextInputProperty" display-name-key="Show Text" description-key="Hide or show text below the barcode" of-type="SingleLine.Text" usage="bound" required="true"/>
    <resources>
      <code path="bundle.js" order="1"/>
    </resources>
    <feature-usage/>
    <built-by name="pac" version="1.39.3"/>
  </control>
</manifest>